IceSports,9
2019nCoV,8
HappyNewYear,0
SIS,1
Arbitration,0
ClassicsReading,C
Forex,3
AGI,A
Harmonica,A
HscAssn,A
PKU_CC,F
PKU_CE,F
BDQN,B
PetsEden,6
LeslieCheung,6
DangPei,B
KOF,6
Deutsch,C
XinSheng,B
EnglishStar,B
MBEdt,0
ShaanXi,2
TrafficTicket,8
MCPA,A
SPS,1
IntroEcology,C
Virus_Security,4
RCPER,C
SPH,1
Academics,3
PKUQUYI,A
FiveMillion,G
FormulaOneZone,9
ShanXi,2
kzone,6
Brazil2014,9
BJ4HS,G
FIR,6
ACM_Algo,4
GIS,4
HuNan,2
Assoc_B,A
Assoc_A,A
FCBarcelona,9
Admin6_Bla,6
FruitFruit,G
Translation,A
diary,7
BDXK,B
BNDS,G
Military,3
CCAC,A
Volunteers,B
BibiChou,6
standflower,G
CDA,A
PKUSIFEA,A
SICA,A
PKUZDS,3
PKUTA,A
Coupon,8
AminiEden,G
SocialNetwork,4
SCS,C
PKUHighSchool,1
FFE,1
PKUTV,B
AnalChem,C
WorldClassroom,C
PKU_3S,1
CMI,A
BuddhismCHN,C
leagueforum,B
LiaoNing,2
CIO_Forum,A
loveheart,A
Romance,5
PersonalCorpus,0
Admin2,0
Admin5,0
Admin4,0
PKU_OSFA,F
Admin6,0
Admin9,0
Admin8,0
PCA,A
HuXiangCulture,A
HongqiOnline,B
Modern_China,3
Associations,A
PKUPA,B
PKUMOOC,C
M_M,C
LSA,A
Postcard,6
PKU_Feedback,F
ChineseEconomy,C
bbslists,0
LSU,B
FilmReview,C
PreMed,1
Olydreams,B
CSXH,A
Complain,0
NTL,B
BackstreetBack,6
xcdyb,B
Dream,7
Typography,5
Departments,B
dance_company,A
JayChou,6
WUXIE,A
GCHEM,C
LITnMovie,C
ZongJiaoZheXue,A
JapanResearch,3
PUMA,A
Chinese,1
Admin1_lobby,1
Kendo,A
HSCEA,A
AncientEgypt,C
hokey,G
FoxForum,A
VisualBible,C
NationalFlagTeam,B
HLC,C
Architecture,C
FootballWorld,9
TypeMoon,G
SMS,1
Languages,5
FinalFantasy,6
PKU_ShiJia,B
Health,3
Reader,5
MaJiang,9
culturestudy,C
Piano,A
DaoXue,A
DREAMS,A
STWT,B
NewAgemusic,6
lottery,6
Neverland,G
Admin9_Bar,9
TFPU,A
Mentality,3
BeiDaZhiFeng,B
tzy_service,A
PKUYND,A
atmos,C
Baseball,9
LifeEducation,C
Bioinformatics,C
PG_Club,B
QLCA,A
ChineseArt,C
Tobacco,5
Career,8
New_Board,0
ASUSE,A
WMReview,0
Volleyball,9
Teams,0
JUMP,6
Services,0
HipHop,A
sysreport,0
OBCase,C
PopMusic,6
DigitalWorld,4
Muthos,5
Inter,9
PKUFA,A
TestOne,0
SESS,1
WBIA,C
Actuary,3
SpaceExp,C
AcappellaPKU,A
Odyssey,G
ECCA,A
OriginalFire,A
SL,1
XiangSheng,5
SG,1
KXTS,C
FishLeong,6
LostFound,8
StudentUnion,B
Marxist,A
FaithinGlob,C
Rubik,A
ichess,A
BoardManager,0
Orchestra,A
Arsenal,9
Kindergarten,B
PKU_EnNews,B
Relatives,7
CAH,C
violin,A
PKU_PE,F
Announce,0
Marxism,1
StarCraft,6
SSM,1
CCERCLUB,A
HSCFA,A
Ecosociety,3
PKUPractice,B
RDFZ,G
Geophysics,1
GuiZhou,2
Mavis,6
NUDT,2
Friends,6
Ghost,6
BeiJing,2
Philo,1
AJCD,A
PKUSZGraduate,1
YuanMingYuan,1
Oversea,8
DigitalMusic,6
PKUBA,A
AJCC,A
HSCRUNNING,A
CSArch,4
Accordion,A
London2012,9
Model,6
TuanGou,8
BayernMunchen,9
BoC,A
Shin,N
Apple,4
CFH,C
PGA,A
NCU,2
YOCSEF_GS,A
HSCABR,A
Meteo,3
Radio,6
Linux,4
Politics,3
Beyond,6
wine,6
SUforum,B
JiangSu,2
ExceptNA,8
RuXing,A
PMVol,B
PECSA,B
GeoCultures,C
ILSAPKU,A
DiaNat,C
SaintSeiya,6
ProfCourses,C
CaoLanZi,1
Urban,1
AOE,6
Feeling,7
PRA,A
ADer,A
NetResources,4
YanQingbu,B
IPDA,A
Philosophy,3
Anthropology,C
HSRH,C
PMA,3
Freshman,8
IIMA,A
Guanjun2005,G
WMFund,0
GDA,A
PUNMA,A
BBSdata,0
IntEcon,C
ShouYu,A
ChongQing,2
Mechanics,1
SDA,A
YOGA,A
BeWithYou,8
Indie,G
RegionalEcon,C
warner_class,C
OVSLS,G
SFL,1
LifeScience,1
Warcraft,6
Thanks,7
HSC_CFAN,G
SanJinCulture,A
HeiLongJiang,2
JaneZhang,6
FuJian,2
WenYan,5
Novoland,5
AoA,1
Auditory,1
Dortmund,9
WeClub,A
SkateBoarding,9
Anniversary,0
SPE,A
CzechHero,9
PKUYAFA,A
Ocean,A
PAPU,A
AETVP,C
Little_Game,6
CampusLife,8
Admin7_Bar,7
Zhuangzi,C
PKU_SAD,F
DMB,C
PKU_OMusic,5
WMPlatform,0
PKU,1
phychem,C
code_report,0
STL,1
Job,8
XiYou,5
RelicFans,A
JNFQ,5
Astronomy,3
jingwu,A
EM,C
CanteenDorm,1
Floorball,A
LangSong,A
PKU_Suggest,F
WOW,N
XinWenZX,B
Reminiscence,G
pub,6
IT,4
Drama,5
cntest,0
SHE,6
Circuit,C
MoonlightBay,G
GuoXue,3
IBMThinkPad,4
EEBCUS,B
grsxz,A
IntroEQ,C
GSMRL,B
Stefanie,6
SST,B
OurEileen,5
Fairytales,5
OPETech,3
CACA,A
Comic,6
UnivUnion,0
Econometrics,C
JapaneseArt,C
NatureConserv,C
GuQin,A
Humanities,5
PKUFMU,A
Aixinshe,A
AdvancedEdu,8
lostangel,A
MUD,6
TableTennis,9
Countryroad,7
EduInfo,8
PKULife,1
GXue,A
vote,0
LiverpoolFC,9
IEEEPKU,A
HELP,C
AiGuoJunYou,A
SLS,B
ChineseCulture,C
Sports_Game,9
notepad,0
WuTaiJi,A
HGC,C
ccdra,A
Notebook,4
MASP,A
RPKU,B
SFAPU,A
JiangXi,2
pku_129,B
ShanDong,2
CritiWriting,C
IME,1
ColorShow,0
GameTheory,C
IMM,1
SoraNoKiseki,6
JapaneseMinor,C
BJ_Culture,5
TheOnlyTruth,G
GeneralGeology,C
BDSJC,1
France,9
EUS,A
History,3
Admin1,0
Love,7
TengriTala,A
WorldHeritage,C
losefat,6
Stanford_ALC,B
HuBei,2
ArtHistory,C
CPGP,C
WorldLiterary,5
Managepsy,C
wusi,A
OMW,C
ITP,C
Affairs,F
DMC,C
WanLiu,1
HXYG,5
Automobile,6
GengDu,A
Billiards,9
SWD,6
PhD,1
Regions,2
CADA,A
Admin2_Discuss,2
DY,G
DV,N
Counterculture,5
PKUCOE,1
EnglishWorld,3
EduLDA,A
Triangle,8
PKU_JiangTan,A
Food,6
WellBeing,C
Badminton,9
CStrike,6
MusicTheory,C
POA,A
ZYXS,A
Literatures,5
KillerGame,6
Pingtan,5
pianopiano,C
TeacherStudent,7
Bourgeoisie,G
SLP,3
Chimusic,5
Communications,C
SpanishStudy,C
Dubbing,5
Advertising,C
Logic,C
ACJC,A
FYSN,G
PKUScience,1
Bridge,9
MusicGame,6
Google,4
AnHui,2
ADAgent,8
PKU_Announce,F
AbnormalPSY,C
UrgentMeet,3
PHBS,1
Horoscope,5
MCC,B
Green_hut,6
Single,7
Maze,4
BeautyMarket,8
Islam,5
Assoc_H,A
Renju,9
Adolescence,C
ICST,1
Greenlife,A
MengTingWei,N
BaoYan,8
Assoc_F,A
Character,5
NingXia,2
PAC,A
Yueju,5
LiveBar,6
Innovation,8
Test,0
StoneStory,5
LegalChina,C
HSC,1
WinterSunshine,B
Music_box,7
EnvirEthics,C
GSMer_Club,B
Game,6
Hogwarts,6
Traffic,8
OVTS,B
CampusInfo,0
AAIS,1
Wakin,6
HTCM,C
DCS,B
zts,G
PKUEECS,1
PKUCourses,C
CALA,1
Magic,A
OcciMusic,6
DMIS,C
THU,2
BNU,2
GeneralEdu_E,C
Fitness,9
JiaJiao,8
HeGou,8
IAS,C
Swimming,9
Riddle,6
PKUPI,A
GeneralEdu_F,C
Office,0
ShangHai,2
NIE,C
DalianFC,G
SecondBook,8
PRCEH,C
YangTaiChi,A
House,8
DMA,C
Job_Post,8
HaiNan,2
Networking,4
VBVC,A
BaiduClub,A
DMM,C
ACJC_Aikido,A
Christianity,5
DMP,C
SodaGreen,6
Xianjian,6
ZhongGuanYuan,1
PKU_EF,F
PKULibrary,1
GuangDong,2
Broadcasting,C
Biology,3
AntiLaMacia,G
Shopping,6
HSCINFO,1
PsyStat,C
Wisdom,5
Water,7
PhysicsReview,3
PA,A
cssm,C
Folklore,C
PE,C
CCME,1
XiYuCulture,A
LogicCriThink,C
GeneralEdu_A,C
GameOnBoard,6
GeneralEdu_C,C
GeneralEdu_B,C
Info,8
Bible,C
Programming,4
DotaClub,G
FolkloreClub,A
SANGUO,5
Holland,9
Temporary_BM,0
JLU,2
NuclearTec,C
PKU_OOF,F
Collectors,6
HCC,C
Dance,6
Indiapac,C
SAPA,A
somewhere,G
Computer,4
FreeRunning,9
Biography,C
JunXun,8
MentalityEdu,B
CulturalChina,C
FFHome,G
SecondHand,8
TIC,A
Pictures,6
Travel,6
AiYuanClub,G
Doraemon,G
PKUInfoEng,1
BeiShe,A
ShowTicket,8
HiFi,6
COE,1
Board,0
KoreanSalon,A
Sorry,7
AdminABC,0
LetsChat,G
BeiDaBei,B
Melancholy,7
Literature,5
Assembly,4
Beauty,6
Geology,1
Emprise,5
ASAP,A
DoItForYou,0
PopStars,6
Dentist,3
ManUtd,9
FofArt,C
NJU,2
Movie,6
Heroes,5
Guizhou_Culture,A
EECS,1
Detective,5
PUDA,A
HappyPavilion,G
CB,C
sunshine,A
CG,C
squash,A
Graduation,7
ForzaMilan,9
Economiclovers,A
Courses,8
Aesthetics,C
ArchUrban,A
PhotoView,6
SocialInfo,8
CS,1
CR,C
Admin9_Closed,9
Software,4
WisePark,1
Blog,0
MathTools,3
Assoc_G,A
AdminG,0
Assoc_E,A
Assoc_D,A
LeeHom,6
RUC,2
Assoc_I,A
HKCA,A
HappyLife,7
Karaoke,6
Culture,5
VolunteerHome,B
Futurama,G
HeNan,2
Englishwriting,3
Skiing,9
Kobe,9
ArtZone,5
GanSu,2
LifePsy,C
Basketball,9
MusicHistory,C
SysAid,0
Tennis,9
PKUHistory,1
PLATEAUDREAM,A
OlympicZone,B
DIY,4
HotFun,6
Mathematics,3
Valencia,9
Stock,3
PieBridge,7
SUHome,B
ASRA,A
NSD,1
WMHXS,A
Game_Factory,N
Greece_Rome,5
Lyriclub,G
PKU_OIR,F
FantasyWorld,6
CQB,1
PKUHSC,1
MoviePsy,C
MayDay,6
WAH,C
XLSZ,C
JCP,A
PKUSocialSci,1
PKUSESS,1
MCCA,A
CPlusPlus,4
XiDian,2
QingHai,2
XiZang,2
ManCity,9
Chorus,5
pkuveg,A
IM,1
Job_IT,8
CESE,1
MANYATTA,A
Physics,1
ID,5
Kaoyan,8
YeFu_Biology,C
MobileDigital,4
MarketInfo,8
PingShu,5
musicmusic,C
LinkinPark,6
PCIA,A
pkuwuxia,A
PKUHumanities,1
Girl,7
KangYong,N
musical,5
Astrology,6
DrumCircle,A
XSKC,B
SiChuan,2
PKU_SCC,F
GSE,1
Haixi,A
GeneralEdu_D,C
Argentina,9
GSM,1
DigitalArt,C
CCC,C
Brush_Art,A
War3Clan,G
BBSmail,0
Football,9
pkpk,A
Admin9_Club,9
TeaYoga,A
PublicCourses,C
IWLM,C
GalaxyHeroes,5
Ethics,C
AngelaChang,6
Banquet,6
SocialPsy,C
ForeignLit,5
Assoc_C,A
rules,0
Joke,6
JingKun,5
FRIENDFAMILY,G
PKURELA,A
Juventus,9
Poems,5
ACDR,A
WMweibo,0
Life_Art,5
Daoyin_Neijing,C
MathPhyMethod,C
twxgx,B
Art,5
HSJCE,C
ETC,B
PKULeagueschool,B
Assoc_Others,A
ClassicalMusic,5
PKUER,7
NumberPark,G
Assyriology,C
Echo,5
DragonBoating,9
Conan,6
LordOfTheRings,6
SD,C
Thesis,3
AcademicInfo,3
TrendyLife,6
cnAdmin,0
LuXunStudies,5
HackingExposed,C
zhonghuajian,A
WangLian,C
sneaker,6
Management,C
Java,4
GuangXi,2
Entertainment,6
PKUInterDiscip,1
CheerChan,6
isac,C
Application,0
DotA,6
ITrade,C
Master,1
MediaZone,6
JiLin,2
Friend,7
FrancisNG,6
Coffee,6
GameEden,6
SportZone,9
zhijiangforum,A
Zillionaire,N
GoAbroad,8
PKUMUN,A
Blessing,7
NewBoards,N
Clubs,G
HK_MC_TW,8
Customs,5
PKUWeibo,B
WesternMusic,C
BDWMFinance,0
OSA,A
Aviation,3
iCamp,A
FayeWong,6
Boy,7
HeBei,2
GFJY,C
demography,1
TRA,A
CAPU,A
Economics,1
ARTLIFE,C
PKUAA_Japan,A
ICCLS,1
CareerPlanning,C
ECPM,C
BBSInfo,0
Barracks,0
post,0
Chemistry,3
Archaeology,1
CN_Scholarship,8
OurTshirts,0
XinJiang,2
Italiano,C
PKUdebate,A
StarsOfBDWM,0
News_Editing,C
PKU_HMT,F
cinemapku,A
SecretGarden,7
sysop,0
ROSS,A
ADintro,C
Xuanliu,1
Story,5
Psychology,1
SUN,A
PKUBBS,0
RedCross,A
LiangPin,6
ILCA,A
WizArdS,G
ShenaRingo,N
Admin5_Bar,5
Referees,9
ElvaHsiao,6
Herbalism,3
InnerMongolia,2
LAAPKU,A
Sensibility,7
ElecDIY,3
PKU_VI,F
ParttimeJob,8
WHU,2
HSCPINGYU,A
SZINFO,1
Collection,0
Video_Game,6
WallaceChung,6
Mathe_Logic,C
SIEN,A
Loveletter,7
OldSoftware,4
DangKe,B
TECC,A
CinemaArt,5
ScienceFiction,5
Groups,0
PKU_JuXing,B
JMusic,6
MNWH,3
Science,3
GuitarPKU,A
wenji,4
YunNan,2
le_francais,C
TryYourBest,6
CCEA,A
KungfuScholar,A
ADA,A
AITC,C
Chelsea,9
TWLiterature,C
LeagueHome,B
mediahistory,C
Tuozhan,C
ChiMusicTheory,C
Admin3,0
Jeff,6
TianJin,2
Tea,5
Aikido,A
PublicElective,C
Admin4_Space,4
YASP,A
FFFamily,G
ZheJiang,2
EasonChan,6
AFPLA,A
webgame,N
STS,C
LSIA,A
CDMClub,A
Chromatics,C
CIS,1
CJSFL,C
PVCA,A
Memory,7
ASCIIArt,5
PKUdevelopment,1
Electronics,1
Homepage,4
ypjh,1
LoveCatMeetU,G
PKUSZ,1
VisualBasic,4
Admin8_Discuss,8
TV,6
MBXMT,0
CCYuan,1
Adonis,5
Opera,C
TLS,A
IJC,C
TOEAPU,A
cwcart,C
RockMusic,6
Law,1
Piefriends,7
FlightSim,6
BMC,1
Windows,4
PKU_GRS,F
cnBM,0
HSCBBA,A
Leisure_Game,6
RealMadrid,9
Future,7
ESC,A
STARS,B
Railway,5
Assoc_HSC,A
SAS_PKU,B
Admin7,0
QuantumChem,C
SecondDegree,C
MyLittlePoor,G
ArchSciTech,3
Admin8s,8
PKU_Zen,A
Hardware,4
Intern,8
Skate,9
NKU,2
DVDZone,6
PKURobot,A
-
WWWStudio,0
Editors,0
CreativeStudio,0
manager,0
Cultivation,5
DevTeam,0
Reconstruction,0
BMTthree,0
BMTone,0
NewDevGroup,0
Admin7_Office,7
BMTnine,0
Admin6_Office,6
BMTseven,0
Admin3_Office,3
Architects,0
Admin8_Office,8
BBShelp,0
BMTfive,0
JudgeCommittee,5
minuxtest,0
Admin1_Office,1
BMTeight,0
BMTtwo,0
Jail,0
BoardClub,0
WMWiki,4
BMTraining,0
BMTfour,0
WMQJZ,0
AdminG_Office,G
RulesRevision,0
TeamANNI,0
BMTsix,0
ASCII_club,0
colorzone,0
watertest,0
AcademicOffice,3
AdminG_Talk,G
TuanGouOffice,8
AdminG_Test,G
Admin6_Closed,6
Mailbox,0
Admin5_Office,5
Downstairs,0
Admin4_Office,4
TshirtsVote,0
ArbClub,0
AdminABC_Office,A
SomeBoard,8
ITMarketOffice,4
BMTestT,0
DailyRoutine,0
MarketCenter,8
sandbox,0
AnniMB,0
Admin8_Club,8
